timeStamp,elapsed,label,responseCode,responseMessage,threadName,dataType,success,failureMessage,bytes,sentBytes,grpThreads,allThreads,URL,Filename,Latency,Encoding,SampleCount,ErrorCount,Hostname,IdleTime,Connect
1688257956889,465,/static,200,OK,Static 1-4,text,true,,720,163,27,252,http://microserviceLB-980459616.us-east-1.elb.amazonaws.com/static,,465,utf-8,1,0,DESKTOP-JMD9GU4,0,266
1688257956949,411,/static,200,OK,Static 1-7,text,true,,720,163,27,255,http://microserviceLB-980459616.us-east-1.elb.amazonaws.com/static,,411,utf-8,1,0,DESKTOP-JMD9GU4,0,206
1688257956929,433,/static,200,OK,Static 1-6,text,true,,720,163,27,255,http://microserviceLB-980459616.us-east-1.elb.amazonaws.com/static,,433,utf-8,1,0,DESKTOP-JMD9GU4,0,228
1688257956968,395,/static,200,OK,Static 1-8,text,true,,720,163,27,257,http://microserviceLB-980459616.us-east-1.elb.amazonaws.com/static,,395,utf-8,1,0,DESKTOP-JMD9GU4,0,196
1688257956830,533,/static,200,OK,Static 1-1,text,true,,720,163,27,257,http://microserviceLB-980459616.us-east-1.elb.amazonaws.com/static,,533,utf-8,1,0,DESKTOP-JMD9GU4,0,328
1688257956909,463,/static,200,OK,Static 1-5,text,true,,720,163,28,262,http://microserviceLB-980459616.us-east-1.elb.amazonaws.com/static,,463,utf-8,1,0,DESKTOP-JMD9GU4,0,255
1688257956869,512,/static,200,OK,Static 1-3,text,true,,720,163,28,266,http://microserviceLB-980459616.us-east-1.elb.amazonaws.com/static,,512,utf-8,1,0,DESKTOP-JMD9GU4,0,300
1688257956849,533,/static,200,OK,Static 1-2,text,true,,720,163,28,267,http://microserviceLB-980459616.us-east-1.elb.amazonaws.com/static,,533,utf-8,1,0,DESKTOP-JMD9GU4,0,320
1688257956989,414,/static,200,OK,Static 1-9,text,true,,720,163,29,276,http://microserviceLB-980459616.us-east-1.elb.amazonaws.com/static,,414,utf-8,1,0,DESKTOP-JMD9GU4,0,206
1688257957008,402,/static,200,OK,Static 1-10,text,true,,720,163,30,279,http://microserviceLB-980459616.us-east-1.elb.amazonaws.com/static,,402,utf-8,1,0,DESKTOP-JMD9GU4,0,199
1688257957028,415,/static,200,OK,Static 1-11,text,true,,720,163,31,292,http://microserviceLB-980459616.us-east-1.elb.amazonaws.com/static,,415,utf-8,1,0,DESKTOP-JMD9GU4,0,206
1688257957049,415,/static,200,OK,Static 1-12,text,true,,720,163,32,303,http://microserviceLB-980459616.us-east-1.elb.amazonaws.com/static,,415,utf-8,1,0,DESKTOP-JMD9GU4,0,207
1688257957069,421,/static,200,OK,Static 1-13,text,true,,720,163,34,317,http://microserviceLB-980459616.us-east-1.elb.amazonaws.com/static,,421,utf-8,1,0,DESKTOP-JMD9GU4,0,208
1688257957109,394,/static,200,OK,Static 1-15,text,true,,720,163,34,323,http://microserviceLB-980459616.us-east-1.elb.amazonaws.com/static,,394,utf-8,1,0,DESKTOP-JMD9GU4,0,195
1688257957089,415,/static,200,OK,Static 1-14,text,true,,720,163,34,324,http://microserviceLB-980459616.us-east-1.elb.amazonaws.com/static,,415,utf-8,1,0,DESKTOP-JMD9GU4,0,205
1688257957129,406,/static,200,OK,Static 1-16,text,true,,720,163,36,339,http://microserviceLB-980459616.us-east-1.elb.amazonaws.com/static,,406,utf-8,1,0,DESKTOP-JMD9GU4,0,201
1688257957148,400,/static,200,OK,Static 1-17,text,true,,720,163,36,344,http://microserviceLB-980459616.us-east-1.elb.amazonaws.com/static,,400,utf-8,1,0,DESKTOP-JMD9GU4,0,199
1688257957169,405,/static,200,OK,Static 1-18,text,true,,720,163,38,358,http://microserviceLB-980459616.us-east-1.elb.amazonaws.com/static,,405,utf-8,1,0,DESKTOP-JMD9GU4,0,201
1688257957189,424,/static,200,OK,Static 1-19,text,true,,720,163,40,377,http://microserviceLB-980459616.us-east-1.elb.amazonaws.com/static,,424,utf-8,1,0,DESKTOP-JMD9GU4,0,210
1688257957209,425,/static,200,OK,Static 1-20,text,true,,720,163,41,386,http://microserviceLB-980459616.us-east-1.elb.amazonaws.com/static,,425,utf-8,1,0,DESKTOP-JMD9GU4,0,211
1688257957229,425,/static,200,OK,Static 1-21,text,true,,720,163,42,397,http://microserviceLB-980459616.us-east-1.elb.amazonaws.com/static,,425,utf-8,1,0,DESKTOP-JMD9GU4,0,211
1688257957249,424,/static,200,OK,Static 1-22,text,true,,720,163,43,406,http://microserviceLB-980459616.us-east-1.elb.amazonaws.com/static,,424,utf-8,1,0,DESKTOP-JMD9GU4,0,210
1688257957268,416,/static,200,OK,Static 1-23,text,true,,720,163,43,411,http://microserviceLB-980459616.us-east-1.elb.amazonaws.com/static,,416,utf-8,1,0,DESKTOP-JMD9GU4,0,206
1688257957289,423,/static,200,OK,Static 1-24,text,true,,720,163,45,426,http://microserviceLB-980459616.us-east-1.elb.amazonaws.com/static,,423,utf-8,1,0,DESKTOP-JMD9GU4,0,210
1688257957308,410,/static,200,OK,Static 1-25,text,true,,720,163,45,427,http://microserviceLB-980459616.us-east-1.elb.amazonaws.com/static,,410,utf-8,1,0,DESKTOP-JMD9GU4,0,203
1688257957329,418,/static,200,OK,Static 1-26,text,true,,720,163,46,442,http://microserviceLB-980459616.us-east-1.elb.amazonaws.com/static,,418,utf-8,1,0,DESKTOP-JMD9GU4,0,208
1688257957349,404,/static,200,OK,Static 1-27,text,true,,720,163,47,445,http://microserviceLB-980459616.us-east-1.elb.amazonaws.com/static,,404,utf-8,1,0,DESKTOP-JMD9GU4,0,199
1688257957368,414,/static,200,OK,Static 1-28,text,true,,720,163,48,458,http://microserviceLB-980459616.us-east-1.elb.amazonaws.com/static,,414,utf-8,1,0,DESKTOP-JMD9GU4,0,205
1688257957389,415,/static,200,OK,Static 1-29,text,true,,720,163,49,467,http://microserviceLB-980459616.us-east-1.elb.amazonaws.com/static,,415,utf-8,1,0,DESKTOP-JMD9GU4,0,206
1688257957409,416,/static,200,OK,Static 1-30,text,true,,720,163,50,471,http://microserviceLB-980459616.us-east-1.elb.amazonaws.com/static,,415,utf-8,1,0,DESKTOP-JMD9GU4,0,205
1688257957428,415,/static,200,OK,Static 1-31,text,true,,720,163,50,473,http://microserviceLB-980459616.us-east-1.elb.amazonaws.com/static,,415,utf-8,1,0,DESKTOP-JMD9GU4,0,206
1688257957449,404,/static,200,OK,Static 1-32,text,true,,720,163,50,474,http://microserviceLB-980459616.us-east-1.elb.amazonaws.com/static,,404,utf-8,1,0,DESKTOP-JMD9GU4,0,200
1688257957488,394,/static,200,OK,Static 1-34,text,true,,720,163,50,477,http://microserviceLB-980459616.us-east-1.elb.amazonaws.com/static,,394,utf-8,1,0,DESKTOP-JMD9GU4,0,196
1688257957469,426,/static,200,OK,Static 1-33,text,true,,720,163,50,479,http://microserviceLB-980459616.us-east-1.elb.amazonaws.com/static,,426,utf-8,1,0,DESKTOP-JMD9GU4,0,212
1688257957529,394,/static,200,OK,Static 1-36,text,true,,720,163,50,479,http://microserviceLB-980459616.us-east-1.elb.amazonaws.com/static,,394,utf-8,1,0,DESKTOP-JMD9GU4,0,196
1688257957509,440,/static,200,OK,Static 1-35,text,true,,720,163,50,478,http://microserviceLB-980459616.us-east-1.elb.amazonaws.com/static,,440,utf-8,1,0,DESKTOP-JMD9GU4,0,211
1688257957549,407,/static,200,OK,Static 1-37,text,true,,720,163,50,478,http://microserviceLB-980459616.us-east-1.elb.amazonaws.com/static,,407,utf-8,1,0,DESKTOP-JMD9GU4,0,202
1688257957569,415,/static,200,OK,Static 1-38,text,true,,720,163,50,477,http://microserviceLB-980459616.us-east-1.elb.amazonaws.com/static,,415,utf-8,1,0,DESKTOP-JMD9GU4,0,207
1688257957589,423,/static,200,OK,Static 1-39,text,true,,720,163,50,477,http://microserviceLB-980459616.us-east-1.elb.amazonaws.com/static,,423,utf-8,1,0,DESKTOP-JMD9GU4,0,209
1688257957609,410,/static,200,OK,Static 1-40,text,true,,720,163,50,477,http://microserviceLB-980459616.us-east-1.elb.amazonaws.com/static,,410,utf-8,1,0,DESKTOP-JMD9GU4,0,204
1688257957629,413,/static,200,OK,Static 1-41,text,true,,720,163,50,477,http://microserviceLB-980459616.us-east-1.elb.amazonaws.com/static,,413,utf-8,1,0,DESKTOP-JMD9GU4,0,206
1688257957669,395,/static,200,OK,Static 1-43,text,true,,720,163,50,476,http://microserviceLB-980459616.us-east-1.elb.amazonaws.com/static,,395,utf-8,1,0,DESKTOP-JMD9GU4,0,196
1688257957648,429,/static,200,OK,Static 1-42,text,true,,720,163,50,475,http://microserviceLB-980459616.us-east-1.elb.amazonaws.com/static,,429,utf-8,1,0,DESKTOP-JMD9GU4,0,213
1688257957689,394,/static,200,OK,Static 1-44,text,true,,720,163,50,475,http://microserviceLB-980459616.us-east-1.elb.amazonaws.com/static,,394,utf-8,1,0,DESKTOP-JMD9GU4,0,196
1688257957708,415,/static,200,OK,Static 1-45,text,true,,720,163,50,474,http://microserviceLB-980459616.us-east-1.elb.amazonaws.com/static,,415,utf-8,1,0,DESKTOP-JMD9GU4,0,206
1688257957729,413,/static,200,OK,Static 1-46,text,true,,720,163,50,474,http://microserviceLB-980459616.us-east-1.elb.amazonaws.com/static,,413,utf-8,1,0,DESKTOP-JMD9GU4,0,205
1688257957749,416,/static,200,OK,Static 1-47,text,true,,720,163,50,473,http://microserviceLB-980459616.us-east-1.elb.amazonaws.com/static,,416,utf-8,1,0,DESKTOP-JMD9GU4,0,207
1688257957768,404,/static,200,OK,Static 1-48,text,true,,720,163,50,473,http://microserviceLB-980459616.us-east-1.elb.amazonaws.com/static,,404,utf-8,1,0,DESKTOP-JMD9GU4,0,201
1688257957809,402,/static,200,OK,Static 1-50,text,true,,720,163,50,473,http://microserviceLB-980459616.us-east-1.elb.amazonaws.com/static,,402,utf-8,1,0,DESKTOP-JMD9GU4,0,198
1688257957788,429,/static,200,OK,Static 1-49,text,true,,720,163,50,472,http://microserviceLB-980459616.us-east-1.elb.amazonaws.com/static,,429,utf-8,1,0,DESKTOP-JMD9GU4,0,211
1688257957363,1373,/index.js,200,OK,Static 1-8,text,true,,161873,165,50,462,http://microserviceLB-980459616.us-east-1.elb.amazonaws.com/index.js,,200,ISO-8859-1,1,0,DESKTOP-JMD9GU4,0,0
1688257957362,1612,/index.js,200,OK,Static 1-7,text,true,,161873,165,50,459,http://microserviceLB-980459616.us-east-1.elb.amazonaws.com/index.js,,203,ISO-8859-1,1,0,DESKTOP-JMD9GU4,0,0
1688257957362,1616,/index.js,200,OK,Static 1-6,text,true,,161873,165,50,459,http://microserviceLB-980459616.us-east-1.elb.amazonaws.com/index.js,,204,ISO-8859-1,1,0,DESKTOP-JMD9GU4,0,0
1688257957443,1645,/index.js,200,OK,Static 1-11,text,true,,161873,165,50,457,http://microserviceLB-980459616.us-east-1.elb.amazonaws.com/index.js,,209,ISO-8859-1,1,0,DESKTOP-JMD9GU4,0,0
1688257957465,1661,/index.js,200,OK,Static 1-12,text,true,,161873,165,50,457,http://microserviceLB-980459616.us-east-1.elb.amazonaws.com/index.js,,210,ISO-8859-1,1,0,DESKTOP-JMD9GU4,0,0
1688257957574,1651,/index.js,200,OK,Static 1-18,text,true,,161873,165,50,456,http://microserviceLB-980459616.us-east-1.elb.amazonaws.com/index.js,,205,ISO-8859-1,1,0,DESKTOP-JMD9GU4,0,0
1688257957805,1443,/index.js,200,OK,Static 1-29,text,true,,161873,165,50,456,http://microserviceLB-980459616.us-east-1.elb.amazonaws.com/index.js,,210,ISO-8859-1,1,0,DESKTOP-JMD9GU4,0,0
1688257957403,1849,/index.js,200,OK,Static 1-9,text,true,,161873,165,50,456,http://microserviceLB-980459616.us-east-1.elb.amazonaws.com/index.js,,209,ISO-8859-1,1,0,DESKTOP-JMD9GU4,0,0
1688257957382,1874,/index.js,200,OK,Static 1-3,text,true,,161873,165,50,455,http://microserviceLB-980459616.us-east-1.elb.amazonaws.com/index.js,,211,ISO-8859-1,1,0,DESKTOP-JMD9GU4,0,0
1688257957383,1880,/index.js,200,OK,Static 1-2,text,true,,161873,165,50,455,http://microserviceLB-980459616.us-east-1.elb.amazonaws.com/index.js,,212,ISO-8859-1,1,0,DESKTOP-JMD9GU4,0,0
1688257957634,1680,/index.js,200,OK,Static 1-20,text,true,,161873,165,50,454,http://microserviceLB-980459616.us-east-1.elb.amazonaws.com/index.js,,214,ISO-8859-1,1,0,DESKTOP-JMD9GU4,0,0
1688257957503,1825,/index.js,200,OK,Static 1-15,text,true,,161873,165,50,454,http://microserviceLB-980459616.us-east-1.elb.amazonaws.com/index.js,,199,ISO-8859-1,1,0,DESKTOP-JMD9GU4,0,0
1688257957549,1789,/index.js,200,OK,Static 1-17,text,true,,161873,165,50,454,http://microserviceLB-980459616.us-east-1.elb.amazonaws.com/index.js,,203,ISO-8859-1,1,0,DESKTOP-JMD9GU4,0,0
1688257957535,1810,/index.js,200,OK,Static 1-16,text,true,,161873,165,50,454,http://microserviceLB-980459616.us-east-1.elb.amazonaws.com/index.js,,206,ISO-8859-1,1,0,DESKTOP-JMD9GU4,0,0
1688257957490,1868,/index.js,200,OK,Static 1-13,text,true,,161873,165,50,454,http://microserviceLB-980459616.us-east-1.elb.amazonaws.com/index.js,,211,ISO-8859-1,1,0,DESKTOP-JMD9GU4,0,0
1688257957410,1990,/index.js,200,OK,Static 1-10,text,true,,161873,165,50,453,http://microserviceLB-980459616.us-east-1.elb.amazonaws.com/index.js,,203,ISO-8859-1,1,0,DESKTOP-JMD9GU4,0,0
1688257957825,1645,/index.js,200,OK,Static 1-30,text,true,,161873,165,50,452,http://microserviceLB-980459616.us-east-1.elb.amazonaws.com/index.js,,212,ISO-8859-1,1,0,DESKTOP-JMD9GU4,0,0
1688257957923,1625,/index.js,200,OK,Static 1-36,text,true,,161873,165,50,451,http://microserviceLB-980459616.us-east-1.elb.amazonaws.com/index.js,,199,ISO-8859-1,1,0,DESKTOP-JMD9GU4,0,0
1688257957654,1901,/index.js,200,OK,Static 1-21,text,true,,161873,165,50,451,http://microserviceLB-980459616.us-east-1.elb.amazonaws.com/index.js,,216,ISO-8859-1,1,0,DESKTOP-JMD9GU4,0,0
1688257957673,1895,/index.js,200,OK,Static 1-22,text,true,,161873,165,50,451,http://microserviceLB-980459616.us-east-1.elb.amazonaws.com/index.js,,213,ISO-8859-1,1,0,DESKTOP-JMD9GU4,0,0
1688257958019,1630,/index.js,200,OK,Static 1-40,text,true,,161873,165,50,450,http://microserviceLB-980459616.us-east-1.elb.amazonaws.com/index.js,,207,ISO-8859-1,1,0,DESKTOP-JMD9GU4,0,0
1688257957372,2321,/index.js,200,OK,Static 1-5,text,true,,161873,165,50,449,http://microserviceLB-980459616.us-east-1.elb.amazonaws.com/index.js,,209,ISO-8859-1,1,0,DESKTOP-JMD9GU4,0,0
1688257957956,1805,/index.js,200,OK,Static 1-37,text,true,,161873,165,50,449,http://microserviceLB-980459616.us-east-1.elb.amazonaws.com/index.js,,204,ISO-8859-1,1,0,DESKTOP-JMD9GU4,0,0
1688257958064,1754,/index.js,200,OK,Static 1-43,text,true,,161873,165,50,448,http://microserviceLB-980459616.us-east-1.elb.amazonaws.com/index.js,,198,ISO-8859-1,1,0,DESKTOP-JMD9GU4,0,0
1688257957504,2327,/index.js,200,OK,Static 1-14,text,true,,161873,165,50,448,http://microserviceLB-980459616.us-east-1.elb.amazonaws.com/index.js,,209,ISO-8859-1,1,0,DESKTOP-JMD9GU4,0,0
1688257958084,1760,/index.js,200,OK,Static 1-44,text,true,,161873,165,50,448,http://microserviceLB-980459616.us-east-1.elb.amazonaws.com/index.js,,201,ISO-8859-1,1,0,DESKTOP-JMD9GU4,0,0
1688257957949,1896,/index.js,200,OK,Static 1-35,text,true,,161873,165,50,448,http://microserviceLB-980459616.us-east-1.elb.amazonaws.com/index.js,,214,ISO-8859-1,1,0,DESKTOP-JMD9GU4,0,0
1688257958172,1703,/index.js,200,OK,Static 1-48,text,true,,161873,165,50,448,http://microserviceLB-980459616.us-east-1.elb.amazonaws.com/index.js,,206,ISO-8859-1,1,0,DESKTOP-JMD9GU4,0,0
1688257957355,2639,/index.js,200,OK,Static 1-4,text,true,,161873,165,50,447,http://microserviceLB-980459616.us-east-1.elb.amazonaws.com/index.js,,200,ISO-8859-1,1,0,DESKTOP-JMD9GU4,0,0
1688257957684,2325,/index.js,200,OK,Static 1-23,text,true,,161873,165,50,446,http://microserviceLB-980459616.us-east-1.elb.amazonaws.com/index.js,,210,ISO-8859-1,1,0,DESKTOP-JMD9GU4,0,0
1688257957712,2311,/index.js,200,OK,Static 1-24,text,true,,161873,165,50,446,http://microserviceLB-980459616.us-east-1.elb.amazonaws.com/index.js,,213,ISO-8859-1,1,0,DESKTOP-JMD9GU4,0,0
1688257957882,2144,/index.js,200,OK,Static 1-34,text,true,,161873,165,50,446,http://microserviceLB-980459616.us-east-1.elb.amazonaws.com/index.js,,199,ISO-8859-1,1,0,DESKTOP-JMD9GU4,0,0
1688257958123,1905,/index.js,200,OK,Static 1-45,text,true,,161873,165,50,446,http://microserviceLB-980459616.us-east-1.elb.amazonaws.com/index.js,,209,ISO-8859-1,1,0,DESKTOP-JMD9GU4,0,0
1688257957363,2702,/index.js,200,OK,Static 1-1,text,true,,161873,165,50,445,http://microserviceLB-980459616.us-east-1.elb.amazonaws.com/index.js,,206,ISO-8859-1,1,0,DESKTOP-JMD9GU4,0,0
1688257957843,2254,/index.js,200,OK,Static 1-31,text,true,,161873,165,50,445,http://microserviceLB-980459616.us-east-1.elb.amazonaws.com/index.js,,210,ISO-8859-1,1,0,DESKTOP-JMD9GU4,0,0
1688257957718,2434,/index.js,200,OK,Static 1-25,text,true,,161873,165,50,444,http://microserviceLB-980459616.us-east-1.elb.amazonaws.com/index.js,,206,ISO-8859-1,1,0,DESKTOP-JMD9GU4,0,0
1688257958211,1976,/index.js,200,OK,Static 1-50,text,true,,161873,165,50,444,http://microserviceLB-980459616.us-east-1.elb.amazonaws.com/index.js,,201,ISO-8859-1,1,0,DESKTOP-JMD9GU4,0,0
1688257958165,2051,/index.js,200,OK,Static 1-47,text,true,,161873,165,50,444,http://microserviceLB-980459616.us-east-1.elb.amazonaws.com/index.js,,211,ISO-8859-1,1,0,DESKTOP-JMD9GU4,0,0
1688257957853,2373,/index.js,200,OK,Static 1-32,text,true,,161873,165,50,444,http://microserviceLB-980459616.us-east-1.elb.amazonaws.com/index.js,,205,ISO-8859-1,1,0,DESKTOP-JMD9GU4,0,0
1688257957753,2649,/index.js,200,OK,Static 1-27,text,true,,161873,165,50,441,http://microserviceLB-980459616.us-east-1.elb.amazonaws.com/index.js,,202,ISO-8859-1,1,0,DESKTOP-JMD9GU4,0,0
1688257957613,2862,/index.js,200,OK,Static 1-19,text,true,,161873,165,50,440,http://microserviceLB-980459616.us-east-1.elb.amazonaws.com/index.js,,213,ISO-8859-1,1,0,DESKTOP-JMD9GU4,0,0
1688257957747,2760,/index.js,200,OK,Static 1-26,text,true,,161873,165,50,440,http://microserviceLB-980459616.us-east-1.elb.amazonaws.com/index.js,,211,ISO-8859-1,1,0,DESKTOP-JMD9GU4,0,0
1688257958012,2560,/index.js,200,OK,Static 1-39,text,true,,161873,165,50,440,http://microserviceLB-980459616.us-east-1.elb.amazonaws.com/index.js,,212,ISO-8859-1,1,0,DESKTOP-JMD9GU4,0,0
1688257959248,1643,/index.css,200,OK,Static 1-29,text,true,,195718,166,50,436,http://microserviceLB-980459616.us-east-1.elb.amazonaws.com/index.css,,209,ISO-8859-1,1,0,DESKTOP-JMD9GU4,0,0
1688257958217,2981,/index.js,200,OK,Static 1-49,text,true,,161873,165,50,436,http://microserviceLB-980459616.us-east-1.elb.amazonaws.com/index.js,,214,ISO-8859-1,1,0,DESKTOP-JMD9GU4,0,0
1688257959088,2257,/index.css,200,OK,Static 1-11,text,true,,195718,166,50,436,http://microserviceLB-980459616.us-east-1.elb.amazonaws.com/index.css,,209,ISO-8859-1,1,0,DESKTOP-JMD9GU4,0,0
1688257957984,3392,/index.js,200,OK,Static 1-38,text,true,,161873,165,50,436,http://microserviceLB-980459616.us-east-1.elb.amazonaws.com/index.js,,209,ISO-8859-1,1,0,DESKTOP-JMD9GU4,0,0
1688257959263,2154,/index.css,200,OK,Static 1-2,text,true,,195718,166,50,436,http://microserviceLB-980459616.us-east-1.elb.amazonaws.com/index.css,,237,ISO-8859-1,1,0,DESKTOP-JMD9GU4,0,0
1688257959470,2049,/index.css,200,OK,Static 1-30,text,true,,195718,166,50,436,http://microserviceLB-980459616.us-east-1.elb.amazonaws.com/index.css,,209,ISO-8859-1,1,0,DESKTOP-JMD9GU4,0,0
1688257959693,1847,/index.css,200,OK,Static 1-5,text,true,,195718,166,50,436,http://microserviceLB-980459616.us-east-1.elb.amazonaws.com/index.css,,211,ISO-8859-1,1,0,DESKTOP-JMD9GU4,0,0
1688257959761,1806,/index.css,200,OK,Static 1-37,text,true,,195718,166,50,436,http://microserviceLB-980459616.us-east-1.elb.amazonaws.com/index.css,,204,ISO-8859-1,1,0,DESKTOP-JMD9GU4,0,0
1688257959253,2465,/index.css,200,OK,Static 1-9,text,true,,195718,166,50,436,http://microserviceLB-980459616.us-east-1.elb.amazonaws.com/index.css,,208,ISO-8859-1,1,0,DESKTOP-JMD9GU4,0,0
1688257959549,2192,/index.css,200,OK,Static 1-36,text,true,,195718,166,50,436,http://microserviceLB-980459616.us-east-1.elb.amazonaws.com/index.css,,395,ISO-8859-1,1,0,DESKTOP-JMD9GU4,0,0
1688257958737,3009,/index.css,200,OK,Static 1-8,text,true,,195718,166,50,436,http://microserviceLB-980459616.us-east-1.elb.amazonaws.com/index.css,,393,ISO-8859-1,1,0,DESKTOP-JMD9GU4,0,0
1688257957782,4010,/index.js,200,OK,Static 1-28,text,true,,161873,165,50,436,http://microserviceLB-980459616.us-east-1.elb.amazonaws.com/index.js,,209,ISO-8859-1,1,0,DESKTOP-JMD9GU4,0,0
1688257959845,2147,/index.css,200,OK,Static 1-44,text,true,,195718,166,50,436,http://microserviceLB-980459616.us-east-1.elb.amazonaws.com/index.css,,198,ISO-8859-1,1,0,DESKTOP-JMD9GU4,0,0
1688257960216,2254,/index.css,200,OK,Static 1-47,text,true,,195718,166,50,431,http://microserviceLB-980459616.us-east-1.elb.amazonaws.com/index.css,,209,ISO-8859-1,1,0,DESKTOP-JMD9GU4,0,0
1688257958143,4481,/index.js,200,OK,Static 1-46,text,true,,161873,165,50,431,http://microserviceLB-980459616.us-east-1.elb.amazonaws.com/index.js,,211,ISO-8859-1,1,0,DESKTOP-JMD9GU4,0,0
1688257960065,2845,/index.css,200,OK,Static 1-1,text,true,,195718,166,50,427,http://microserviceLB-980459616.us-east-1.elb.amazonaws.com/index.css,,209,ISO-8859-1,1,0,DESKTOP-JMD9GU4,0,0
1688257959818,3247,/index.css,200,OK,Static 1-43,text,true,,195718,166,50,426,http://microserviceLB-980459616.us-east-1.elb.amazonaws.com/index.css,,200,ISO-8859-1,1,0,DESKTOP-JMD9GU4,0,0
1688257958043,5369,/index.js,200,OK,Static 1-41,text,true,,161873,165,50,423,http://microserviceLB-980459616.us-east-1.elb.amazonaws.com/index.js,,208,ISO-8859-1,1,0,DESKTOP-JMD9GU4,0,0
1688257959126,4739,/index.css,200,OK,Static 1-12,text,true,,195718,166,50,420,http://microserviceLB-980459616.us-east-1.elb.amazonaws.com/index.css,,209,ISO-8859-1,1,0,DESKTOP-JMD9GU4,0,0
1688257960028,4193,/index.css,200,OK,Static 1-45,text,true,,195718,166,50,417,http://microserviceLB-980459616.us-east-1.elb.amazonaws.com/index.css,,208,ISO-8859-1,1,0,DESKTOP-JMD9GU4,0,0
1688257958976,5435,/index.css,200,OK,Static 1-7,text,true,,195718,166,50,415,http://microserviceLB-980459616.us-east-1.elb.amazonaws.com/index.css,,203,ISO-8859-1,1,0,DESKTOP-JMD9GU4,0,0
1688257959831,4946,/index.css,200,OK,Static 1-14,text,true,,195718,166,50,412,http://microserviceLB-980459616.us-east-1.elb.amazonaws.com/index.css,,209,ISO-8859-1,1,0,DESKTOP-JMD9GU4,0,0
1688257959315,6006,/index.css,200,OK,Static 1-20,text,true,,195718,166,50,409,http://microserviceLB-980459616.us-east-1.elb.amazonaws.com/index.css,,216,ISO-8859-1,1,0,DESKTOP-JMD9GU4,0,0
1688257959225,6693,/index.css,200,OK,Static 1-18,text,true,,195718,166,50,405,http://microserviceLB-980459616.us-east-1.elb.amazonaws.com/index.css,,205,ISO-8859-1,1,0,DESKTOP-JMD9GU4,0,0
1688257960026,5912,/index.css,200,OK,Static 1-34,text,true,,195718,166,50,405,http://microserviceLB-980459616.us-east-1.elb.amazonaws.com/index.css,,393,ISO-8859-1,1,0,DESKTOP-JMD9GU4,0,0
1688257959994,5984,/index.css,200,OK,Static 1-4,text,true,,195718,166,50,404,http://microserviceLB-980459616.us-east-1.elb.amazonaws.com/index.css,,200,ISO-8859-1,1,0,DESKTOP-JMD9GU4,0,0
1688257960892,5271,/image3.jpg,200,OK,Static 1-29,bin,true,,345780,167,50,403,http://microserviceLB-980459616.us-east-1.elb.amazonaws.com/image3.jpg,,208,ISO-8859-1,1,0,DESKTOP-JMD9GU4,0,0
1688257959345,6997,/index.css,200,OK,Static 1-16,text,true,,195718,166,50,401,http://microserviceLB-980459616.us-east-1.elb.amazonaws.com/index.css,,670,ISO-8859-1,1,0,DESKTOP-JMD9GU4,0,0
1688257959568,7114,/index.css,200,OK,Static 1-22,text,true,,195718,166,50,398,http://microserviceLB-980459616.us-east-1.elb.amazonaws.com/index.css,,214,ISO-8859-1,1,0,DESKTOP-JMD9GU4,0,0
1688257960018,7029,/index.css,200,OK,Static 1-23,text,true,,195718,166,50,394,http://microserviceLB-980459616.us-east-1.elb.amazonaws.com/index.css,,210,ISO-8859-1,1,0,DESKTOP-JMD9GU4,0,0
1688257957895,9410,/index.js,200,OK,Static 1-33,text,true,,161873,165,50,393,http://microserviceLB-980459616.us-east-1.elb.amazonaws.com/index.js,,215,ISO-8859-1,1,0,DESKTOP-JMD9GU4,0,0
1688257966165,1276,/image2.jpg,200,OK,Static 1-29,bin,true,,66817,167,50,392,http://microserviceLB-980459616.us-east-1.elb.amazonaws.com/image2.jpg,,209,ISO-8859-1,1,0,DESKTOP-JMD9GU4,0,0
1688257959649,8412,/index.css,200,OK,Static 1-40,text,true,,195718,166,50,388,http://microserviceLB-980459616.us-east-1.elb.amazonaws.com/index.css,,206,ISO-8859-1,1,0,DESKTOP-JMD9GU4,0,0
1688257959329,8891,/index.css,200,OK,Static 1-15,text,true,,195718,166,50,387,http://microserviceLB-980459616.us-east-1.elb.amazonaws.com/index.css,,199,ISO-8859-1,1,0,DESKTOP-JMD9GU4,0,0
1688257959338,9502,/index.css,200,OK,Static 1-17,text,true,,195718,166,50,385,http://microserviceLB-980459616.us-east-1.elb.amazonaws.com/index.css,,794,ISO-8859-1,1,0,DESKTOP-JMD9GU4,0,0
1688257960097,9040,/index.css,200,OK,Static 1-31,text,true,,195718,166,50,383,http://microserviceLB-980459616.us-east-1.elb.amazonaws.com/index.css,,208,ISO-8859-1,1,0,DESKTOP-JMD9GU4,0,0
1688257959875,10536,/index.css,200,OK,Static 1-48,text,true,,195718,166,50,375,http://microserviceLB-980459616.us-east-1.elb.amazonaws.com/index.css,,206,ISO-8859-1,1,0,DESKTOP-JMD9GU4,0,0
1688257960403,10049,/index.css,200,OK,Static 1-27,text,true,,195718,166,50,375,http://microserviceLB-980459616.us-east-1.elb.amazonaws.com/index.css,,202,ISO-8859-1,1,0,DESKTOP-JMD9GU4,0,0
1688257961793,9148,/index.css,200,OK,Static 1-28,text,true,,195718,166,50,373,http://microserviceLB-980459616.us-east-1.elb.amazonaws.com/index.css,,210,ISO-8859-1,1,0,DESKTOP-JMD9GU4,0,0
1688257961741,9353,/image3.jpg,200,OK,Static 1-36,bin,true,,345780,167,50,372,http://microserviceLB-980459616.us-east-1.elb.amazonaws.com/image3.jpg,,200,ISO-8859-1,1,0,DESKTOP-JMD9GU4,0,0
1688257959400,12222,/index.css,200,OK,Static 1-10,text,true,,195718,166,50,370,http://microserviceLB-980459616.us-east-1.elb.amazonaws.com/index.css,,203,ISO-8859-1,1,0,DESKTOP-JMD9GU4,0,0
1688257960572,11384,/index.css,200,OK,Static 1-39,text,true,,195718,166,50,369,http://microserviceLB-980459616.us-east-1.elb.amazonaws.com/index.css,,212,ISO-8859-1,1,0,DESKTOP-JMD9GU4,0,0
1688257961376,10769,/index.css,200,OK,Static 1-38,text,true,,195718,166,50,367,http://microserviceLB-980459616.us-east-1.elb.amazonaws.com/index.css,,714,ISO-8859-1,1,0,DESKTOP-JMD9GU4,0,0
1688257959257,13210,/index.css,200,OK,Static 1-3,text,true,,195718,166,50,367,http://microserviceLB-980459616.us-east-1.elb.amazonaws.com/index.css,,229,ISO-8859-1,1,0,DESKTOP-JMD9GU4,0,0
1688257963413,9268,/index.css,200,OK,Static 1-41,text,true,,195718,166,50,365,http://microserviceLB-980459616.us-east-1.elb.amazonaws.com/index.css,,412,ISO-8859-1,1,0,DESKTOP-JMD9GU4,0,0
1688257960226,12800,/index.css,200,OK,Static 1-32,text,true,,195718,166,50,362,http://microserviceLB-980459616.us-east-1.elb.amazonaws.com/index.css,,204,ISO-8859-1,1,0,DESKTOP-JMD9GU4,0,0
1688257961520,11672,/image3.jpg,200,OK,Static 1-30,bin,true,,345780,167,50,361,http://microserviceLB-980459616.us-east-1.elb.amazonaws.com/image3.jpg,,207,ISO-8859-1,1,0,DESKTOP-JMD9GU4,0,0
1688257962625,10712,/index.css,200,OK,Static 1-46,text,true,,195718,166,50,361,http://microserviceLB-980459616.us-east-1.elb.amazonaws.com/index.css,,828,ISO-8859-1,1,0,DESKTOP-JMD9GU4,0,0
1688257960023,13540,/index.css,200,OK,Static 1-24,text,true,,195718,166,50,360,http://microserviceLB-980459616.us-east-1.elb.amazonaws.com/index.css,,214,ISO-8859-1,1,0,DESKTOP-JMD9GU4,0,0
1688257967440,6255,/image1.jpg,200,OK,Static 1-29,bin,true,,72406,167,50,360,http://microserviceLB-980459616.us-east-1.elb.amazonaws.com/image1.jpg,,1181,ISO-8859-1,1,0,DESKTOP-JMD9GU4,0,0
1688257960475,13272,/index.css,200,OK,Static 1-19,text,true,,195718,166,49,358,http://microserviceLB-980459616.us-east-1.elb.amazonaws.com/index.css,,216,ISO-8859-1,1,0,DESKTOP-JMD9GU4,0,0
1688257959845,14402,/index.css,200,OK,Static 1-35,text,true,,195718,166,49,356,http://microserviceLB-980459616.us-east-1.elb.amazonaws.com/index.css,,221,ISO-8859-1,1,0,DESKTOP-JMD9GU4,0,0
1688257959556,15091,/index.css,200,OK,Static 1-21,text,true,,195718,166,49,355,http://microserviceLB-980459616.us-east-1.elb.amazonaws.com/index.css,,214,ISO-8859-1,1,0,DESKTOP-JMD9GU4,0,0
1688257971095,3604,/image2.jpg,200,OK,Static 1-36,bin,true,,66817,167,49,355,http://microserviceLB-980459616.us-east-1.elb.amazonaws.com/image2.jpg,,588,ISO-8859-1,1,0,DESKTOP-JMD9GU4,0,0
1688257960507,14318,/index.css,200,OK,Static 1-26,text,true,,195718,166,49,353,http://microserviceLB-980459616.us-east-1.elb.amazonaws.com/index.css,,211,ISO-8859-1,1,0,DESKTOP-JMD9GU4,0,0
1688257960187,14844,/index.css,200,OK,Static 1-50,text,true,,195718,166,49,352,http://microserviceLB-980459616.us-east-1.elb.amazonaws.com/index.css,,201,ISO-8859-1,1,0,DESKTOP-JMD9GU4,0,0
1688257962471,12935,/image3.jpg,200,OK,Static 1-47,bin,true,,345780,167,49,349,http://microserviceLB-980459616.us-east-1.elb.amazonaws.com/image3.jpg,,212,ISO-8859-1,1,0,DESKTOP-JMD9GU4,0,0
1688257973192,2766,/image2.jpg,200,OK,Static 1-30,bin,true,,66817,167,49,347,http://microserviceLB-980459616.us-east-1.elb.amazonaws.com/image2.jpg,,208,ISO-8859-1,1,0,DESKTOP-JMD9GU4,0,0
1688257959358,17257,/index.css,200,OK,Static 1-13,text,true,,195718,166,49,344,http://microserviceLB-980459616.us-east-1.elb.amazonaws.com/index.css,,211,ISO-8859-1,1,0,DESKTOP-JMD9GU4,0,0
1688257965939,10874,/image3.jpg,200,OK,Static 1-34,bin,true,,345780,167,49,343,http://microserviceLB-980459616.us-east-1.elb.amazonaws.com/image3.jpg,,199,ISO-8859-1,1,0,DESKTOP-JMD9GU4,0,0
1688257958077,18971,/index.js,200,OK,Static 1-42,text,true,,161873,165,49,342,http://microserviceLB-980459616.us-east-1.elb.amazonaws.com/index.js,,217,ISO-8859-1,1,0,DESKTOP-JMD9GU4,0,0
1688257960153,17599,/index.css,200,OK,Static 1-25,text,true,,195718,166,49,338,http://microserviceLB-980459616.us-east-1.elb.amazonaws.com/index.css,,225,ISO-8859-1,1,0,DESKTOP-JMD9GU4,0,0
1688257976812,1482,/image2.jpg,200,OK,Static 1-34,bin,true,,66817,167,49,337,http://microserviceLB-980459616.us-east-1.elb.amazonaws.com/image2.jpg,,414,ISO-8859-1,1,0,DESKTOP-JMD9GU4,0,0
1688257963066,16080,/image3.jpg,200,OK,Static 1-43,bin,true,,345780,167,49,333,http://microserviceLB-980459616.us-east-1.elb.amazonaws.com/image3.jpg,,198,ISO-8859-1,1,0,DESKTOP-JMD9GU4,0,0
1688257975958,3428,/image1.jpg,200,OK,Static 1-30,bin,true,,72406,167,49,331,http://microserviceLB-980459616.us-east-1.elb.amazonaws.com/image1.jpg,,413,ISO-8859-1,1,0,DESKTOP-JMD9GU4,0,0
1688257961992,17520,/image3.jpg,200,OK,Static 1-44,bin,true,,345780,167,48,330,http://microserviceLB-980459616.us-east-1.elb.amazonaws.com/image3.jpg,,958,ISO-8859-1,1,0,DESKTOP-JMD9GU4,0,0
1688257975416,4288,/image2.jpg,200,OK,Static 1-47,bin,true,,66817,167,48,328,http://microserviceLB-980459616.us-east-1.elb.amazonaws.com/image2.jpg,,913,ISO-8859-1,1,0,DESKTOP-JMD9GU4,0,0
1688257961347,18414,/image3.jpg,200,OK,Static 1-11,bin,true,,345780,167,48,328,http://microserviceLB-980459616.us-east-1.elb.amazonaws.com/image3.jpg,,209,ISO-8859-1,1,0,DESKTOP-JMD9GU4,0,0
1688257964779,15862,/image3.jpg,200,OK,Static 1-14,bin,true,,345780,167,48,326,http://microserviceLB-980459616.us-east-1.elb.amazonaws.com/image3.jpg,,1488,ISO-8859-1,1,0,DESKTOP-JMD9GU4,0,0
1688257961746,19003,/image3.jpg,200,OK,Static 1-8,bin,true,,345780,167,48,325,http://microserviceLB-980459616.us-east-1.elb.amazonaws.com/image3.jpg,,1267,ISO-8859-1,1,0,DESKTOP-JMD9GU4,0,0
1688257958978,21866,/index.css,200,OK,Static 1-6,text,true,,195718,166,48,324,http://microserviceLB-980459616.us-east-1.elb.amazonaws.com/index.css,,204,ISO-8859-1,1,0,DESKTOP-JMD9GU4,0,0
1688257978295,2561,/image1.jpg,200,OK,Static 1-34,bin,true,,72406,167,48,324,http://microserviceLB-980459616.us-east-1.elb.amazonaws.com/image1.jpg,,199,ISO-8859-1,1,0,DESKTOP-JMD9GU4,0,0
1688257961719,19257,/image3.jpg,200,OK,Static 1-9,bin,true,,345780,167,47,323,http://microserviceLB-980459616.us-east-1.elb.amazonaws.com/image3.jpg,,906,ISO-8859-1,1,0,DESKTOP-JMD9GU4,0,0
1688257964222,16878,/image3.jpg,200,OK,Static 1-45,bin,true,,345780,167,47,323,http://microserviceLB-980459616.us-east-1.elb.amazonaws.com/image3.jpg,,711,ISO-8859-1,1,0,DESKTOP-JMD9GU4,0,0
1688257961553,20415,/image3.jpg,200,OK,Static 1-5,bin,true,,345780,167,47,318,http://microserviceLB-980459616.us-east-1.elb.amazonaws.com/image3.jpg,,1412,ISO-8859-1,1,0,DESKTOP-JMD9GU4,0,0
1688257979762,2353,/image2.jpg,200,OK,Static 1-11,bin,true,,66817,167,47,318,http://microserviceLB-980459616.us-east-1.elb.amazonaws.com/image2.jpg,,620,ISO-8859-1,1,0,DESKTOP-JMD9GU4,0,0
1688257981100,1445,/image2.jpg,200,OK,Static 1-45,bin,true,,66817,167,47,316,http://microserviceLB-980459616.us-east-1.elb.amazonaws.com/image2.jpg,,214,ISO-8859-1,1,0,DESKTOP-JMD9GU4,0,0
1688257980750,2141,/image2.jpg,200,OK,Static 1-8,bin,true,,66817,167,47,315,http://microserviceLB-980459616.us-east-1.elb.amazonaws.com/image2.jpg,,443,ISO-8859-1,1,0,DESKTOP-JMD9GU4,0,0
1688257979513,3819,/image2.jpg,200,OK,Static 1-44,bin,true,,66817,167,47,312,http://microserviceLB-980459616.us-east-1.elb.amazonaws.com/image2.jpg,,701,ISO-8859-1,1,0,DESKTOP-JMD9GU4,0,0
1688257979147,4222,/image2.jpg,200,OK,Static 1-43,bin,true,,66817,167,47,312,http://microserviceLB-980459616.us-east-1.elb.amazonaws.com/image2.jpg,,705,ISO-8859-1,1,0,DESKTOP-JMD9GU4,0,0
1688257980641,2781,/image2.jpg,200,OK,Static 1-14,bin,true,,66817,167,47,312,http://microserviceLB-980459616.us-east-1.elb.amazonaws.com/image2.jpg,,723,ISO-8859-1,1,0,DESKTOP-JMD9GU4,0,0
1688257969137,14971,/image3.jpg,200,OK,Static 1-31,bin,true,,345780,167,47,309,http://microserviceLB-980459616.us-east-1.elb.amazonaws.com/image3.jpg,,413,ISO-8859-1,1,0,DESKTOP-JMD9GU4,0,0
1688257982115,2262,/image1.jpg,200,OK,Static 1-11,bin,true,,72406,167,47,309,http://microserviceLB-980459616.us-east-1.elb.amazonaws.com/image1.jpg,,542,ISO-8859-1,1,0,DESKTOP-JMD9GU4,0,0
1688257974700,9704,/image1.jpg,200,OK,Static 1-36,bin,true,,72406,167,46,308,http://microserviceLB-980459616.us-east-1.elb.amazonaws.com/image1.jpg,,1690,ISO-8859-1,1,0,DESKTOP-JMD9GU4,0,0
1688257979705,5990,/image1.jpg,200,OK,Static 1-47,bin,true,,72406,167,45,301,http://microserviceLB-980459616.us-east-1.elb.amazonaws.com/image1.jpg,,720,ISO-8859-1,1,0,DESKTOP-JMD9GU4,0,0
1688257982563,3198,/image1.jpg,200,OK,Static 1-45,bin,true,,72406,167,44,300,http://microserviceLB-980459616.us-east-1.elb.amazonaws.com/image1.jpg,,459,ISO-8859-1,1,0,DESKTOP-JMD9GU4,0,0
1688257982890,2922,/image1.jpg,200,OK,Static 1-8,bin,true,,72406,167,43,299,http://microserviceLB-980459616.us-east-1.elb.amazonaws.com/image1.jpg,,1170,ISO-8859-1,1,0,DESKTOP-JMD9GU4,0,0
1688257972680,13243,/image3.jpg,200,OK,Static 1-41,bin,true,,345780,167,42,298,http://microserviceLB-980459616.us-east-1.elb.amazonaws.com/image3.jpg,,686,ISO-8859-1,1,0,DESKTOP-JMD9GU4,0,0
1688257981969,4086,/image2.jpg,200,OK,Static 1-5,bin,true,,66817,167,42,298,http://microserviceLB-980459616.us-east-1.elb.amazonaws.com/image2.jpg,,619,ISO-8859-1,1,0,DESKTOP-JMD9GU4,0,0
1688257965979,20372,/image3.jpg,200,OK,Static 1-4,bin,true,,345780,167,42,298,http://microserviceLB-980459616.us-east-1.elb.amazonaws.com/image3.jpg,,394,ISO-8859-1,1,0,DESKTOP-JMD9GU4,0,0
1688257983368,3273,/image1.jpg,200,OK,Static 1-43,bin,true,,72406,167,42,294,http://microserviceLB-980459616.us-east-1.elb.amazonaws.com/image1.jpg,,1264,ISO-8859-1,1,0,DESKTOP-JMD9GU4,0,0
1688257972145,14507,/image3.jpg,200,OK,Static 1-38,bin,true,,345780,167,41,293,http://microserviceLB-980459616.us-east-1.elb.amazonaws.com/image3.jpg,,209,ISO-8859-1,1,0,DESKTOP-JMD9GU4,0,0
1688257973336,13321,/image3.jpg,200,OK,Static 1-46,bin,true,,345780,167,41,293,http://microserviceLB-980459616.us-east-1.elb.amazonaws.com/image3.jpg,,268,ISO-8859-1,1,0,DESKTOP-JMD9GU4,0,0
1688257983422,3322,/image1.jpg,200,OK,Static 1-14,bin,true,,72406,167,41,293,http://microserviceLB-980459616.us-east-1.elb.amazonaws.com/image1.jpg,,209,ISO-8859-1,1,0,DESKTOP-JMD9GU4,0,0
1688257984108,2661,/image2.jpg,200,OK,Static 1-31,bin,true,,66817,167,40,292,http://microserviceLB-980459616.us-east-1.elb.amazonaws.com/image2.jpg,,1027,ISO-8859-1,1,0,DESKTOP-JMD9GU4,0,0
1688257980977,5939,/image2.jpg,200,OK,Static 1-9,bin,true,,66817,167,40,292,http://microserviceLB-980459616.us-east-1.elb.amazonaws.com/image2.jpg,,532,ISO-8859-1,1,0,DESKTOP-JMD9GU4,0,0
1688257983331,4279,/image1.jpg,200,OK,Static 1-44,bin,true,,72406,167,40,291,http://microserviceLB-980459616.us-east-1.elb.amazonaws.com/image1.jpg,,1413,ISO-8859-1,1,0,DESKTOP-JMD9GU4,0,0
1688257986657,2110,/image2.jpg,200,OK,Static 1-46,bin,true,,66817,167,39,286,http://microserviceLB-980459616.us-east-1.elb.amazonaws.com/image2.jpg,,209,ISO-8859-1,1,0,DESKTOP-JMD9GU4,0,0
1688257986350,2474,/image2.jpg,200,OK,Static 1-4,bin,true,,66817,167,39,286,http://microserviceLB-980459616.us-east-1.elb.amazonaws.com/image2.jpg,,423,ISO-8859-1,1,0,DESKTOP-JMD9GU4,0,0
1688257986769,2284,/image1.jpg,200,OK,Static 1-31,bin,true,,72406,167,39,286,http://microserviceLB-980459616.us-east-1.elb.amazonaws.com/image1.jpg,,649,ISO-8859-1,1,0,DESKTOP-JMD9GU4,0,0
1688257961417,27867,/image3.jpg,200,OK,Static 1-2,bin,true,,345780,167,38,285,http://microserviceLB-980459616.us-east-1.elb.amazonaws.com/image3.jpg,,483,ISO-8859-1,1,0,DESKTOP-JMD9GU4,0,0
1688257963866,26309,/image3.jpg,200,OK,Static 1-12,bin,true,,345780,167,38,283,http://microserviceLB-980459616.us-east-1.elb.amazonaws.com/image3.jpg,,1173,ISO-8859-1,1,0,DESKTOP-JMD9GU4,0,0
1688257985923,4493,/image2.jpg,200,OK,Static 1-41,bin,true,,66817,167,38,278,http://microserviceLB-980459616.us-east-1.elb.amazonaws.com/image2.jpg,,841,ISO-8859-1,1,0,DESKTOP-JMD9GU4,0,0
1688257967306,23377,/index.css,200,OK,Static 1-33,text,true,,195718,166,38,278,http://microserviceLB-980459616.us-east-1.elb.amazonaws.com/index.css,,727,ISO-8859-1,1,0,DESKTOP-JMD9GU4,0,0
1688257967048,24551,/image3.jpg,200,OK,Static 1-23,bin,true,,345780,167,38,273,http://microserviceLB-980459616.us-east-1.elb.amazonaws.com/image3.jpg,,620,ISO-8859-1,1,0,DESKTOP-JMD9GU4,0,0
1688257961198,30616,/index.css,200,OK,Static 1-49,text,true,,195718,166,38,272,http://microserviceLB-980459616.us-east-1.elb.amazonaws.com/index.css,,219,ISO-8859-1,1,0,DESKTOP-JMD9GU4,0,0
1688257961567,30262,/image3.jpg,200,OK,Static 1-37,bin,true,,345780,167,38,272,http://microserviceLB-980459616.us-east-1.elb.amazonaws.com/image3.jpg,,1267,ISO-8859-1,1,0,DESKTOP-JMD9GU4,0,0
1688257966683,25529,/image3.jpg,200,OK,Static 1-22,bin,true,,345780,167,38,270,http://microserviceLB-980459616.us-east-1.elb.amazonaws.com/image3.jpg,,422,ISO-8859-1,1,0,DESKTOP-JMD9GU4,0,0
1688257977048,15168,/index.css,200,OK,Static 1-42,text,true,,195718,166,38,270,http://microserviceLB-980459616.us-east-1.elb.amazonaws.com/index.css,,1414,ISO-8859-1,1,0,DESKTOP-JMD9GU4,0,0
1688257962911,29822,/image3.jpg,200,OK,Static 1-1,bin,true,,345780,167,38,266,http://microserviceLB-980459616.us-east-1.elb.amazonaws.com/image3.jpg,,4078,ISO-8859-1,1,0,DESKTOP-JMD9GU4,0,0
1688257986652,6112,/image2.jpg,200,OK,Static 1-38,bin,true,,66817,167,38,266,http://microserviceLB-980459616.us-east-1.elb.amazonaws.com/image2.jpg,,212,ISO-8859-1,1,0,DESKTOP-JMD9GU4,0,0
1688257986054,6837,/image1.jpg,200,OK,Static 1-5,bin,true,,72406,167,38,266,http://microserviceLB-980459616.us-east-1.elb.amazonaws.com/image1.jpg,,1762,ISO-8859-1,1,0,DESKTOP-JMD9GU4,0,0
1688257971622,21296,/image3.jpg,200,OK,Static 1-10,bin,true,,345780,167,37,265,http://microserviceLB-980459616.us-east-1.elb.amazonaws.com/image3.jpg,,1532,ISO-8859-1,1,0,DESKTOP-JMD9GU4,0,0
1688257990175,2756,/image2.jpg,200,OK,Static 1-12,bin,true,,66817,167,37,265,http://microserviceLB-980459616.us-east-1.elb.amazonaws.com/image2.jpg,,408,ISO-8859-1,1,0,DESKTOP-JMD9GU4,0,0
1688257988825,5208,/image1.jpg,200,OK,Static 1-4,bin,true,,72406,167,37,261,http://microserviceLB-980459616.us-east-1.elb.amazonaws.com/image1.jpg,,1862,ISO-8859-1,1,0,DESKTOP-JMD9GU4,0,0
1688257970941,23212,/image3.jpg,200,OK,Static 1-28,bin,true,,345780,167,36,259,http://microserviceLB-980459616.us-east-1.elb.amazonaws.com/image3.jpg,,1251,ISO-8859-1,1,0,DESKTOP-JMD9GU4,0,0
1688257966343,27982,/image3.jpg,200,OK,Static 1-16,bin,true,,345780,167,36,258,http://microserviceLB-980459616.us-east-1.elb.amazonaws.com/image3.jpg,,456,ISO-8859-1,1,0,DESKTOP-JMD9GU4,0,0
1688257991599,2786,/image2.jpg,200,OK,Static 1-23,bin,true,,66817,167,36,258,http://microserviceLB-980459616.us-east-1.elb.amazonaws.com/image2.jpg,,375,ISO-8859-1,1,0,DESKTOP-JMD9GU4,0,0
1688257986915,7478,/image1.jpg,200,OK,Static 1-9,bin,true,,72406,167,36,258,http://microserviceLB-980459616.us-east-1.elb.amazonaws.com/image1.jpg,,1015,ISO-8859-1,1,0,DESKTOP-JMD9GU4,0,0
1688257988768,5793,/image1.jpg,200,OK,Static 1-46,bin,true,,72406,167,35,257,http://microserviceLB-980459616.us-east-1.elb.amazonaws.com/image1.jpg,,2031,ISO-8859-1,1,0,DESKTOP-JMD9GU4,0,0
1688257992212,3170,/image2.jpg,200,OK,Static 1-22,bin,true,,66817,167,34,254,http://microserviceLB-980459616.us-east-1.elb.amazonaws.com/image2.jpg,,717,ISO-8859-1,1,0,DESKTOP-JMD9GU4,0,0
1688257990417,5048,/image1.jpg,200,OK,Static 1-41,bin,true,,72406,167,34,254,http://microserviceLB-980459616.us-east-1.elb.amazonaws.com/image1.jpg,,414,ISO-8859-1,1,0,DESKTOP-JMD9GU4,0,0
1688257989286,6222,/image2.jpg,200,OK,Static 1-2,bin,true,,66817,167,33,253,http://microserviceLB-980459616.us-east-1.elb.amazonaws.com/image2.jpg,,715,ISO-8859-1,1,0,DESKTOP-JMD9GU4,0,0
1688257994153,1403,/image2.jpg,200,OK,Static 1-28,bin,true,,66817,167,33,253,http://microserviceLB-980459616.us-east-1.elb.amazonaws.com/image2.jpg,,381,ISO-8859-1,1,0,DESKTOP-JMD9GU4,0,0
1688257968220,27588,/image3.jpg,200,OK,Static 1-15,bin,true,,345780,167,33,251,http://microserviceLB-980459616.us-east-1.elb.amazonaws.com/image3.jpg,,200,ISO-8859-1,1,0,DESKTOP-JMD9GU4,0,0
1688257995556,1027,/image1.jpg,200,OK,Static 1-28,bin,true,,72406,167,33,247,http://microserviceLB-980459616.us-east-1.elb.amazonaws.com/image1.jpg,,209,ISO-8859-1,1,0,DESKTOP-JMD9GU4,0,0
1688257970452,26677,/image3.jpg,200,OK,Static 1-27,bin,true,,345780,167,32,244,http://microserviceLB-980459616.us-east-1.elb.amazonaws.com/image3.jpg,,599,ISO-8859-1,1,0,DESKTOP-JMD9GU4,0,0
1688257964412,32794,/image3.jpg,200,OK,Static 1-7,bin,true,,345780,167,32,244,http://microserviceLB-980459616.us-east-1.elb.amazonaws.com/image3.jpg,,1731,ISO-8859-1,1,0,DESKTOP-JMD9GU4,0,0
1688257994384,3795,/image1.jpg,200,OK,Static 1-23,bin,true,,72406,167,32,238,http://microserviceLB-980459616.us-east-1.elb.amazonaws.com/image1.jpg,,789,ISO-8859-1,1,0,DESKTOP-JMD9GU4,0,0
1688257994325,3865,/image2.jpg,200,OK,Static 1-16,bin,true,,66817,167,31,237,http://microserviceLB-980459616.us-east-1.elb.amazonaws.com/image2.jpg,,1708,ISO-8859-1,1,0,DESKTOP-JMD9GU4,0,0
1688257992784,6798,/image1.jpg,200,OK,Static 1-38,bin,true,,72406,167,31,235,http://microserviceLB-980459616.us-east-1.elb.amazonaws.com/image1.jpg,,620,ISO-8859-1,1,0,DESKTOP-JMD9GU4,0,0
1688257995381,4556,/image1.jpg,200,OK,Static 1-22,bin,true,,72406,167,30,233,http://microserviceLB-980459616.us-east-1.elb.amazonaws.com/image1.jpg,,472,ISO-8859-1,1,0,DESKTOP-JMD9GU4,0,0
1688257992930,7247,/image1.jpg,200,OK,Static 1-12,bin,true,,72406,167,29,229,http://microserviceLB-980459616.us-east-1.elb.amazonaws.com/image1.jpg,,1275,ISO-8859-1,1,0,DESKTOP-JMD9GU4,0,0
1688257995507,4834,/image1.jpg,200,OK,Static 1-2,bin,true,,72406,167,28,225,http://microserviceLB-980459616.us-east-1.elb.amazonaws.com/image1.jpg,,628,ISO-8859-1,1,0,DESKTOP-JMD9GU4,0,0
1688257995835,4812,/image2.jpg,200,OK,Static 1-15,bin,true,,66817,167,27,223,http://microserviceLB-980459616.us-east-1.elb.amazonaws.com/image2.jpg,,622,ISO-8859-1,1,0,DESKTOP-JMD9GU4,0,0
1688257975031,25646,/image3.jpg,200,OK,Static 1-50,bin,true,,345780,167,27,223,http://microserviceLB-980459616.us-east-1.elb.amazonaws.com/image3.jpg,,904,ISO-8859-1,1,0,DESKTOP-JMD9GU4,0,0
1688257968062,32664,/image3.jpg,200,OK,Static 1-40,bin,true,,345780,167,27,223,http://microserviceLB-980459616.us-east-1.elb.amazonaws.com/image3.jpg,,1711,ISO-8859-1,1,0,DESKTOP-JMD9GU4,0,0
1688257991830,8917,/image2.jpg,200,OK,Static 1-37,bin,true,,66817,167,27,223,http://microserviceLB-980459616.us-east-1.elb.amazonaws.com/image2.jpg,,707,ISO-8859-1,1,0,DESKTOP-JMD9GU4,0,0
1688257974647,26234,/image3.jpg,200,OK,Static 1-21,bin,true,,345780,167,27,223,http://microserviceLB-980459616.us-east-1.elb.amazonaws.com/image3.jpg,,681,ISO-8859-1,1,0,DESKTOP-JMD9GU4,0,0
1688257992732,8274,/image2.jpg,200,OK,Static 1-1,bin,true,,66817,167,27,223,http://microserviceLB-980459616.us-east-1.elb.amazonaws.com/image2.jpg,,1642,ISO-8859-1,1,0,DESKTOP-JMD9GU4,0,0
1688257997205,3876,/image2.jpg,200,OK,Static 1-7,bin,true,,66817,167,27,223,http://microserviceLB-980459616.us-east-1.elb.amazonaws.com/image2.jpg,,401,ISO-8859-1,1,0,DESKTOP-JMD9GU4,0,0
1688257968840,32756,/image3.jpg,200,OK,Static 1-17,bin,true,,345780,167,27,220,http://microserviceLB-980459616.us-east-1.elb.amazonaws.com/image3.jpg,,400,ISO-8859-1,1,0,DESKTOP-JMD9GU4,0,0
1688257974825,27453,/image3.jpg,200,OK,Static 1-26,bin,true,,345780,167,27,218,http://microserviceLB-980459616.us-east-1.elb.amazonaws.com/image3.jpg,,418,ISO-8859-1,1,0,DESKTOP-JMD9GU4,0,0
1688258000678,2454,/image2.jpg,200,OK,Static 1-50,bin,true,,66817,167,27,212,http://microserviceLB-980459616.us-east-1.elb.amazonaws.com/image2.jpg,,396,ISO-8859-1,1,0,DESKTOP-JMD9GU4,0,0
1688257998190,5004,/image1.jpg,200,OK,Static 1-16,bin,true,,72406,167,27,211,http://microserviceLB-980459616.us-east-1.elb.amazonaws.com/image1.jpg,,889,ISO-8859-1,1,0,DESKTOP-JMD9GU4,0,0
1688257970411,33085,/image3.jpg,200,OK,Static 1-48,bin,true,,345780,167,26,209,http://microserviceLB-980459616.us-east-1.elb.amazonaws.com/image3.jpg,,204,ISO-8859-1,1,0,DESKTOP-JMD9GU4,0,0
1688257976615,26955,/image3.jpg,200,OK,Static 1-13,bin,true,,345780,167,26,208,http://microserviceLB-980459616.us-east-1.elb.amazonaws.com/image3.jpg,,625,ISO-8859-1,1,0,DESKTOP-JMD9GU4,0,0
1688258000726,2935,/image2.jpg,200,OK,Static 1-40,bin,true,,66817,167,26,208,http://microserviceLB-980459616.us-east-1.elb.amazonaws.com/image2.jpg,,409,ISO-8859-1,1,0,DESKTOP-JMD9GU4,0,0
1688258000747,3076,/image1.jpg,200,OK,Static 1-37,bin,true,,72406,167,26,207,http://microserviceLB-980459616.us-east-1.elb.amazonaws.com/image1.jpg,,634,ISO-8859-1,1,0,DESKTOP-JMD9GU4,0,0
1688258001596,2434,/image2.jpg,200,OK,Static 1-17,bin,true,,66817,167,25,206,http://microserviceLB-980459616.us-east-1.elb.amazonaws.com/image2.jpg,,202,ISO-8859-1,1,0,DESKTOP-JMD9GU4,0,0
1688258002278,1871,/image2.jpg,200,OK,Static 1-26,bin,true,,66817,167,25,206,http://microserviceLB-980459616.us-east-1.elb.amazonaws.com/image2.jpg,,418,ISO-8859-1,1,0,DESKTOP-JMD9GU4,0,0
1688257992918,11363,/image2.jpg,200,OK,Static 1-10,bin,true,,66817,167,25,205,http://microserviceLB-980459616.us-east-1.elb.amazonaws.com/image2.jpg,,482,ISO-8859-1,1,0,DESKTOP-JMD9GU4,0,0
1688258000881,3572,/image2.jpg,200,OK,Static 1-21,bin,true,,66817,167,25,203,http://microserviceLB-980459616.us-east-1.elb.amazonaws.com/image2.jpg,,484,ISO-8859-1,1,0,DESKTOP-JMD9GU4,0,0
1688258000647,4065,/image1.jpg,200,OK,Static 1-15,bin,true,,72406,167,25,202,http://microserviceLB-980459616.us-east-1.elb.amazonaws.com/image1.jpg,,400,ISO-8859-1,1,0,DESKTOP-JMD9GU4,0,0
1688257997129,7882,/image2.jpg,200,OK,Static 1-27,bin,true,,66817,167,24,199,http://microserviceLB-980459616.us-east-1.elb.amazonaws.com/image2.jpg,,401,ISO-8859-1,1,0,DESKTOP-JMD9GU4,0,0
1688257973563,31459,/image3.jpg,200,OK,Static 1-24,bin,true,,345780,167,24,198,http://microserviceLB-980459616.us-east-1.elb.amazonaws.com/image3.jpg,,723,ISO-8859-1,1,0,DESKTOP-JMD9GU4,0,0
1688258001006,4358,/image1.jpg,200,OK,Static 1-1,bin,true,,72406,167,24,194,http://microserviceLB-980459616.us-east-1.elb.amazonaws.com/image1.jpg,,606,ISO-8859-1,1,0,DESKTOP-JMD9GU4,0,0
1688258004039,1390,/image1.jpg,200,OK,Static 1-17,bin,true,,72406,167,23,193,http://microserviceLB-980459616.us-east-1.elb.amazonaws.com/image1.jpg,,202,ISO-8859-1,1,0,DESKTOP-JMD9GU4,0,0
1688257973026,32616,/image3.jpg,200,OK,Static 1-32,bin,true,,345780,167,22,192,http://microserviceLB-980459616.us-east-1.elb.amazonaws.com/image3.jpg,,912,ISO-8859-1,1,0,DESKTOP-JMD9GU4,0,0
1688257977753,28055,/image3.jpg,200,OK,Static 1-25,bin,true,,345780,167,22,190,http://microserviceLB-980459616.us-east-1.elb.amazonaws.com/image3.jpg,,710,ISO-8859-1,1,0,DESKTOP-JMD9GU4,0,0
1688258003516,2323,/image2.jpg,200,OK,Static 1-48,bin,true,,66817,167,22,190,http://microserviceLB-980459616.us-east-1.elb.amazonaws.com/image2.jpg,,427,ISO-8859-1,1,0,DESKTOP-JMD9GU4,0,0
1688258003133,2809,/image1.jpg,200,OK,Static 1-50,bin,true,,72406,167,22,190,http://microserviceLB-980459616.us-east-1.elb.amazonaws.com/image1.jpg,,568,ISO-8859-1,1,0,DESKTOP-JMD9GU4,0,0
1688258003570,2428,/image2.jpg,200,OK,Static 1-13,bin,true,,66817,167,21,189,http://microserviceLB-980459616.us-east-1.elb.amazonaws.com/image2.jpg,,418,ISO-8859-1,1,0,DESKTOP-JMD9GU4,0,0
1688258004281,1873,/image1.jpg,200,OK,Static 1-10,bin,true,,72406,167,21,188,http://microserviceLB-980459616.us-east-1.elb.amazonaws.com/image1.jpg,,466,ISO-8859-1,1,0,DESKTOP-JMD9GU4,0,0
1688258004149,2171,/image1.jpg,200,OK,Static 1-26,bin,true,,72406,167,20,185,http://microserviceLB-980459616.us-east-1.elb.amazonaws.com/image1.jpg,,265,ISO-8859-1,1,0,DESKTOP-JMD9GU4,0,0
1688258003661,3827,/image1.jpg,200,OK,Static 1-40,bin,true,,72406,167,19,175,http://microserviceLB-980459616.us-east-1.elb.amazonaws.com/image1.jpg,,612,ISO-8859-1,1,0,DESKTOP-JMD9GU4,0,0
1688258005022,2477,/image2.jpg,200,OK,Static 1-24,bin,true,,66817,167,18,174,http://microserviceLB-980459616.us-east-1.elb.amazonaws.com/image2.jpg,,801,ISO-8859-1,1,0,DESKTOP-JMD9GU4,0,0
1688258004453,3053,/image1.jpg,200,OK,Static 1-21,bin,true,,72406,167,18,174,http://microserviceLB-980459616.us-east-1.elb.amazonaws.com/image1.jpg,,644,ISO-8859-1,1,0,DESKTOP-JMD9GU4,0,0
1688257972467,35152,/image3.jpg,200,OK,Static 1-3,bin,true,,345780,167,17,173,http://microserviceLB-980459616.us-east-1.elb.amazonaws.com/image3.jpg,,470,ISO-8859-1,1,0,DESKTOP-JMD9GU4,0,0
1688257965920,42466,/image3.jpg,200,OK,Static 1-18,bin,true,,345780,167,17,172,http://microserviceLB-980459616.us-east-1.elb.amazonaws.com/image3.jpg,,604,ISO-8859-1,1,0,DESKTOP-JMD9GU4,0,0
1688258001081,7487,/image1.jpg,200,OK,Static 1-7,bin,true,,72406,167,17,170,http://microserviceLB-980459616.us-east-1.elb.amazonaws.com/image1.jpg,,402,ISO-8859-1,1,0,DESKTOP-JMD9GU4,0,0
1688257973747,35178,/image3.jpg,200,OK,Static 1-19,bin,true,,345780,167,16,166,http://microserviceLB-980459616.us-east-1.elb.amazonaws.com/image3.jpg,,300,ISO-8859-1,1,0,DESKTOP-JMD9GU4,0,0
1688258005998,3377,/image1.jpg,200,OK,Static 1-13,bin,true,,72406,167,16,165,http://microserviceLB-980459616.us-east-1.elb.amazonaws.com/image1.jpg,,212,ISO-8859-1,1,0,DESKTOP-JMD9GU4,0,0
1688257974247,35299,/image3.jpg,200,OK,Static 1-35,bin,true,,345780,167,15,162,http://microserviceLB-980459616.us-east-1.elb.amazonaws.com/image3.jpg,,1371,ISO-8859-1,1,0,DESKTOP-JMD9GU4,0,0
1688258005642,3985,/image2.jpg,200,OK,Static 1-32,bin,true,,66817,167,15,162,http://microserviceLB-980459616.us-east-1.elb.amazonaws.com/image2.jpg,,204,ISO-8859-1,1,0,DESKTOP-JMD9GU4,0,0
1688258005012,4965,/image1.jpg,200,OK,Static 1-27,bin,true,,72406,167,15,161,http://microserviceLB-980459616.us-east-1.elb.amazonaws.com/image1.jpg,,599,ISO-8859-1,1,0,DESKTOP-JMD9GU4,0,0
1688258005807,4199,/image2.jpg,200,OK,Static 1-25,bin,true,,66817,167,14,159,http://microserviceLB-980459616.us-east-1.elb.amazonaws.com/image2.jpg,,409,ISO-8859-1,1,0,DESKTOP-JMD9GU4,0,0
1688258008385,1809,/image2.jpg,200,OK,Static 1-18,bin,true,,66817,167,14,158,http://microserviceLB-980459616.us-east-1.elb.amazonaws.com/image2.jpg,,406,ISO-8859-1,1,0,DESKTOP-JMD9GU4,0,0
1688258005839,4705,/image1.jpg,200,OK,Static 1-48,bin,true,,72406,167,14,156,http://microserviceLB-980459616.us-east-1.elb.amazonaws.com/image1.jpg,,403,ISO-8859-1,1,0,DESKTOP-JMD9GU4,0,0
1688258009627,1403,/image1.jpg,200,OK,Static 1-32,bin,true,,72406,167,13,149,http://microserviceLB-980459616.us-east-1.elb.amazonaws.com/image1.jpg,,204,ISO-8859-1,1,0,DESKTOP-JMD9GU4,0,0
1688257971956,39697,/image3.jpg,200,OK,Static 1-39,bin,true,,345780,167,12,146,http://microserviceLB-980459616.us-east-1.elb.amazonaws.com/image3.jpg,,420,ISO-8859-1,1,0,DESKTOP-JMD9GU4,0,0
1688257980845,31184,/image3.jpg,200,OK,Static 1-6,bin,true,,345780,167,12,145,http://microserviceLB-980459616.us-east-1.elb.amazonaws.com/image3.jpg,,716,ISO-8859-1,1,0,DESKTOP-JMD9GU4,0,0
1688258007500,4659,/image1.jpg,200,OK,Static 1-24,bin,true,,72406,167,12,145,http://microserviceLB-980459616.us-east-1.elb.amazonaws.com/image1.jpg,,840,ISO-8859-1,1,0,DESKTOP-JMD9GU4,0,0
1688258009546,2784,/image2.jpg,200,OK,Static 1-35,bin,true,,66817,167,11,143,http://microserviceLB-980459616.us-east-1.elb.amazonaws.com/image2.jpg,,423,ISO-8859-1,1,0,DESKTOP-JMD9GU4,0,0
1688258010006,2407,/image1.jpg,200,OK,Static 1-25,bin,true,,72406,167,11,142,http://microserviceLB-980459616.us-east-1.elb.amazonaws.com/image1.jpg,,471,ISO-8859-1,1,0,DESKTOP-JMD9GU4,0,0
1688257992217,20208,/image3.jpg,200,OK,Static 1-42,bin,true,,345780,167,10,141,http://microserviceLB-980459616.us-east-1.elb.amazonaws.com/image3.jpg,,985,ISO-8859-1,1,0,DESKTOP-JMD9GU4,0,0
1688258008925,3574,/image2.jpg,200,OK,Static 1-19,bin,true,,66817,167,10,141,http://microserviceLB-980459616.us-east-1.elb.amazonaws.com/image2.jpg,,470,ISO-8859-1,1,0,DESKTOP-JMD9GU4,0,0
1688258010194,2469,/image1.jpg,200,OK,Static 1-18,bin,true,,72406,167,10,140,http://microserviceLB-980459616.us-east-1.elb.amazonaws.com/image1.jpg,,205,ISO-8859-1,1,0,DESKTOP-JMD9GU4,0,0
1688258007619,5513,/image2.jpg,200,OK,Static 1-3,bin,true,,66817,167,9,135,http://microserviceLB-980459616.us-east-1.elb.amazonaws.com/image2.jpg,,880,ISO-8859-1,1,0,DESKTOP-JMD9GU4,0,0
1688258011653,1880,/image2.jpg,200,OK,Static 1-39,bin,true,,66817,167,9,132,http://microserviceLB-980459616.us-east-1.elb.amazonaws.com/image2.jpg,,212,ISO-8859-1,1,0,DESKTOP-JMD9GU4,0,0
1688258012425,1495,/image2.jpg,200,OK,Static 1-42,bin,true,,66817,167,9,130,http://microserviceLB-980459616.us-east-1.elb.amazonaws.com/image2.jpg,,217,ISO-8859-1,1,0,DESKTOP-JMD9GU4,0,0
1688258012028,1996,/image2.jpg,200,OK,Static 1-6,bin,true,,66817,167,9,130,http://microserviceLB-980459616.us-east-1.elb.amazonaws.com/image2.jpg,,402,ISO-8859-1,1,0,DESKTOP-JMD9GU4,0,0
1688257990683,23832,/image3.jpg,200,OK,Static 1-33,bin,true,,345780,167,9,129,http://microserviceLB-980459616.us-east-1.elb.amazonaws.com/image3.jpg,,720,ISO-8859-1,1,0,DESKTOP-JMD9GU4,0,0
1688258013534,1044,/image1.jpg,200,OK,Static 1-39,bin,true,,72406,167,9,128,http://microserviceLB-980459616.us-east-1.elb.amazonaws.com/image1.jpg,,212,ISO-8859-1,1,0,DESKTOP-JMD9GU4,0,0
1688258013920,1281,/image1.jpg,200,OK,Static 1-42,bin,true,,72406,167,8,121,http://microserviceLB-980459616.us-east-1.elb.amazonaws.com/image1.jpg,,217,ISO-8859-1,1,0,DESKTOP-JMD9GU4,0,0
1688258013133,2084,/image1.jpg,200,OK,Static 1-3,bin,true,,72406,167,7,120,http://microserviceLB-980459616.us-east-1.elb.amazonaws.com/image1.jpg,,420,ISO-8859-1,1,0,DESKTOP-JMD9GU4,0,0
1688258012330,2927,/image1.jpg,200,OK,Static 1-35,bin,true,,72406,167,6,119,http://microserviceLB-980459616.us-east-1.elb.amazonaws.com/image1.jpg,,634,ISO-8859-1,1,0,DESKTOP-JMD9GU4,0,0
1688258012501,2986,/image1.jpg,200,OK,Static 1-19,bin,true,,72406,167,5,116,http://microserviceLB-980459616.us-east-1.elb.amazonaws.com/image1.jpg,,421,ISO-8859-1,1,0,DESKTOP-JMD9GU4,0,0
1688257965323,50514,/image3.jpg,200,OK,Static 1-20,bin,true,,345780,167,4,111,http://microserviceLB-980459616.us-east-1.elb.amazonaws.com/image3.jpg,,215,ISO-8859-1,1,0,DESKTOP-JMD9GU4,0,0
1688258014025,2243,/image1.jpg,200,OK,Static 1-6,bin,true,,72406,167,4,108,http://microserviceLB-980459616.us-east-1.elb.amazonaws.com/image1.jpg,,602,ISO-8859-1,1,0,DESKTOP-JMD9GU4,0,0
1688257991815,24667,/image3.jpg,200,OK,Static 1-49,bin,true,,345780,167,3,104,http://microserviceLB-980459616.us-east-1.elb.amazonaws.com/image3.jpg,,722,ISO-8859-1,1,0,DESKTOP-JMD9GU4,0,0
1688258015838,1471,/image2.jpg,200,OK,Static 1-20,bin,true,,66817,167,3,98,http://microserviceLB-980459616.us-east-1.elb.amazonaws.com/image2.jpg,,214,ISO-8859-1,1,0,DESKTOP-JMD9GU4,0,0
1688258014515,3633,/image2.jpg,200,OK,Static 1-33,bin,true,,66817,167,3,86,http://microserviceLB-980459616.us-east-1.elb.amazonaws.com/image2.jpg,,1070,ISO-8859-1,1,0,DESKTOP-JMD9GU4,0,0
1688258017309,2594,/image1.jpg,200,OK,Static 1-20,bin,true,,72406,167,3,79,http://microserviceLB-980459616.us-east-1.elb.amazonaws.com/image1.jpg,,541,ISO-8859-1,1,0,DESKTOP-JMD9GU4,0,331
1688258018148,2573,/image1.jpg,200,OK,Static 1-33,bin,true,,72406,167,2,73,http://microserviceLB-980459616.us-east-1.elb.amazonaws.com/image1.jpg,,1445,ISO-8859-1,1,0,DESKTOP-JMD9GU4,0,1225
1688258016483,4317,/image2.jpg,200,OK,Static 1-49,bin,true,,66817,167,1,72,http://microserviceLB-980459616.us-east-1.elb.amazonaws.com/image2.jpg,,694,ISO-8859-1,1,0,DESKTOP-JMD9GU4,0,0
1688258020800,1285,/image1.jpg,200,OK,Static 1-49,bin,true,,72406,167,1,60,http://microserviceLB-980459616.us-east-1.elb.amazonaws.com/image1.jpg,,417,ISO-8859-1,1,0,DESKTOP-JMD9GU4,0,207
